<?xml version="1.0" encoding="UTF-8"?>
<metadata xml:lang="pl"><Esri><CreaDate>20150211</CreaDate><CreaTime>13310700</CreaTime><ArcGISFormat>1.0</ArcGISFormat><SyncOnce>TRUE</SyncOnce><DataProperties><itemProps><itemLocation><linkage Sync="TRUE">file://\\PRG8\E$\Kkruk\PRG\jednostki_administracyjne11022015\PRG_jednostki_administracyjne_v7\PRG_jednostki_administracyjne_v7\powiatyCopy</linkage><protocol Sync="TRUE">Local Area Network</protocol></itemLocation></itemProps><copyHistory><copy source="E:\Kkruk\PRG\jednostki_administracyjne11022015\powiaty" dest="\\PRG8\E$\Kkruk\PRG\jednostki_administracyjne11022015\PRG_jednostki_administracyjne_v7\PRG_jednostki_administracyjne_v7\powiatyCopy" date="20150211" time="13310700"></copy></copyHistory></DataProperties></Esri></metadata>
